自治体番号,都道府県,市区町村,総人口,保育所申込者数,保育所利用者数,待機児童数,利用可能率,ポイント,一人あたりの住居の広さ,ポイント,国勢調査インターネット回答率,ポイント,2020年1月17日1400の昼間人口,2020年7月31日1400の昼間人口,増減率,ポイント,　wifi スポット数,人口あたり,ポイント,日常生活サービス　徒歩圏,ポイント,総合点,順位
1100,北海道,札幌市,1959313,30018,23968,7,79.85%,3,14.56,5,38.3,3,1759002,1753971,-0.29,2,3892,0.20%,5,66.6,6,24,108
1202,北海道,函館市,255308,3415,2307,0,67.55%,2,15.61,6,29.6,1,188025,183669,-2.32,1,552,0.22%,5,64.2,6,21,184
1203,北海道,小樽市,114425,1316,1217,0,92.48%,6,17.1,10,25.2,1,91594,91519,-0.08,3,256,0.22%,6,55.7,5,31,11
1204,北海道,旭川市,334070,5725,4809,19,84.00%,4,16.66,10,33.4,2,221122,217581,-1.6,2,684,0.20%,5,47.8,4,27,46
1206,北海道,釧路市,168086,1843,1634,0,88.66%,5,15.97,8,28.8,1,141009,138129,-2.04,1,328,0.20%,5,47.8,4,24,103
1207,北海道,帯広市,166043,2994,2558,1,85.44%,4,15.72,6,30.9,2,145830,144024,-1.24,2,334,0.20%,5,50.8,5,24,105
1208,北海道,北見市,116630,1685,717,0,42.55%,1,16.4,10,30.2,2,114769,111096,-3.2,1,243,0.21%,5,31.7,3,22,163
1213,北海道,苫小牧市,171242,1921,1502,0,78.19%,3,14.89,5,35.3,2,138891,137214,-1.21,2,289,0.17%,3,47.5,4,19,227
1217,北海道,江別市,119580,1379,854,0,61.93%,1,15.59,6,40.4,4,85665,86637,1.13,4,161,0.13%,1,40.8,4,20,204
2201,青森県,青森市,281232,6724,4277,0,63.61%,2,15.84,6,34.4,2,215630,219986,2.02,5,619,0.22%,5,46.3,4,24,106
2202,青森県,弘前市,170212,4725,3020,0,63.92%,2,15.89,8,34.4,2,133148,131167,-1.49,2,440,0.26%,8,45.3,4,26,66
2203,青森県,八戸市,227812,5580,2081,0,37.29%,1,15.29,6,37.9,3,182279,181142,-0.62,2,591,0.26%,8,33.6,3,23,150
3201,岩手県,盛岡市,288470,6824,5258,0,77.05%,3,14.53,5,40.1,4,258305,248534,-3.78,1,751,0.26%,8,50.4,5,26,68
3209,岩手県,一関市,115426,2633,1675,0,63.62%,2,16.71,10,33.1,2,62285,61540,-1.2,2,205,0.18%,4,13.6,2,22,161
3215,岩手県,奥州市,116082,2890,1927,22,66.68%,2,16.08,8,36.8,3,69186,68857,-0.48,2,228,0.20%,5,14.9,2,22,170
4100,宮城県,仙台市,1064060,19278,16215,232,84.11%,4,13.31,3,38,3,1089068,1066509,-2.07,1,3077,0.29%,10,28.7,3,24,126
4202,宮城県,石巻市,142638,2510,2203,78,87.77%,5,14.77,5,29.4,1,103435,103142,-0.28,2,346,0.24%,6,13.5,2,21,191
4215,宮城県,大崎市,129444,3198,3017,23,94.34%,6,14.52,5,34,2,83436,84884,1.74,4,271,0.21%,5,6.4,1,23,136
5201,秋田県,秋田市,307403,6644,4777,0,71.90%,2,15.95,8,36.2,3,242048,239801,-0.93,2,881,0.29%,10,19.6,2,27,53
6201,山形県,山形市,244998,5804,4604,4,79.32%,3,14.69,5,39.9,4,203408,204503,0.54,3,636,0.26%,8,15,2,25,97
6203,山形県,鶴岡市,125500,3516,3238,0,92.09%,6,16.12,8,36,3,93491,91930,-1.67,2,286,0.23%,6,15.1,2,27,49
6204,山形県,酒田市,101331,2635,1897,0,71.99%,2,17.13,10,32.1,2,84325,84826,0.59,3,246,0.24%,6,23.2,2,25,91
7201,福島県,福島市,277133,4947,3690,223,74.59%,2,14.93,5,35.4,2,218254,219615,0.62,3,660,0.24%,6,31.7,3,21,194
7202,福島県,会津若松市,118322,2736,1791,0,65.46%,2,14.37,4,30.8,2,108789,106851,-1.78,1,324,0.27%,10,48.6,5,24,125
7203,福島県,郡山市,322996,4185,3739,64,89.34%,5,14.55,5,32.6,2,253328,258534,2.06,5,854,0.26%,8,29.4,3,28,38
7204,福島県,いわき市,321535,5579,5016,25,89.91%,5,14.39,4,30.8,2,225317,225663,0.15,3,785,0.24%,6,24.3,2,22,169
8201,茨城県,水戸市,271912,5157,4396,113,85.24%,4,14.36,4,39.4,4,248750,246053,-1.08,2,677,0.25%,6,48.4,4,24,119
8202,茨城県,日立市,177769,2254,1467,0,65.08%,2,14.51,5,34.9,2,126139,125768,-0.29,2,287,0.16%,3,40.4,4,18,251
8203,茨城県,土浦市,142030,2140,1679,10,78.46%,3,13.76,3,41.8,5,136616,137987,1,4,328,0.23%,6,30.4,3,24,124
8204,茨城県,古河市,142992,2324,1426,38,61.36%,1,13.77,3,35.8,3,109559,112071,2.29,5,229,0.16%,3,16.9,2,17,269
8217,茨城県,取手市,107097,1704,1287,13,75.53%,2,15.13,5,40.1,4,76609,79667,3.99,6,132,0.12%,1,55.2,5,23,131
8220,茨城県,つくば市,237653,5840,5241,114,89.74%,5,14.19,4,41.3,4,207533,210007,1.19,4,497,0.21%,5,18.7,2,24,118
8221,茨城県,ひたちなか市,158660,2739,2572,29,93.90%,6,14.69,5,40.9,4,133354,133410,0.04,3,305,0.19%,4,23.8,2,24,110
8227,茨城県,筑西市,104059,2135,1473,5,68.99%,2,14.53,5,37.6,3,92761,94636,2.02,5,171,0.16%,3,13.1,1,19,233
9201,栃木県,宇都宮市,521754,10092,8238,0,81.63%,3,13.72,3,36.8,3,436403,440966,1.05,4,1161,0.22%,6,15.2,2,21,197
9202,栃木県,足利市,147442,2607,2162,0,82.93%,3,14.52,5,39.5,4,113405,114257,0.75,4,219,0.15%,2,8.9,1,19,234
9203,栃木県,栃木市,159951,2754,1402,18,50.91%,1,14.64,5,35.7,2,130322,133665,2.57,5,288,0.18%,4,9.3,1,18,255
9204,栃木県,佐野市,117968,1972,1407,16,71.35%,2,14.55,5,37.5,3,92071,89556,-2.73,1,239,0.20%,5,15.5,2,18,260
9208,栃木県,小山市,167505,2528,2154,0,85.21%,4,13.72,3,38.8,3,141927,139800,-1.5,2,363,0.22%,5,1.9,1,18,261
9213,栃木県,那須塩原市,117458,2736,2083,37,76.13%,2,14.11,4,38.1,3,98204,98649,0.45,3,287,0.24%,6,10.1,1,19,245
10201,群馬県,前橋市,336115,7136,4139,0,58.00%,1,14.53,5,47.3,6,299518,300122,0.2,3,581,0.17%,4,31.2,3,22,175
10202,群馬県,高崎市,373114,8243,5564,0,67.50%,2,14.08,4,43,5,312187,312418,0.07,3,696,0.19%,4,35.1,3,21,195
10203,群馬県,桐生市,110122,2337,1792,0,76.68%,2,15.95,8,40,4,90575,90579,0,3,129,0.12%,1,25,2,20,206
10204,群馬県,伊勢崎市,213366,5698,4475,0,78.54%,3,14.29,4,43.8,5,167595,168779,0.71,4,395,0.19%,4,18.3,2,22,173
10205,群馬県,太田市,224415,5784,3593,0,62.12%,1,14.06,4,43.2,5,199741,196083,-1.83,1,451,0.20%,5,8.9,1,17,274
11100,埼玉県,さいたま市,1314145,20687,17243,0,83.35%,3,13.14,2,43.4,5,1262353,1313667,4.06,6,2159,0.16%,3,36.7,3,22,168
11201,埼玉県,川越市,353301,4820,4148,64,86.06%,4,13.14,2,41.1,4,309487,311774,0.74,4,531,0.15%,2,6.3,1,17,270
11202,埼玉県,熊谷市,196829,3429,3024,29,88.19%,5,14.77,5,38,3,183992,185414,0.77,4,345,0.18%,4,1.2,1,22,165
11203,埼玉県,川口市,607105,9573,7782,49,81.29%,3,12.01,1,38.5,3,417690,451392,8.07,10,783,0.13%,1,38.1,4,22,155
11208,埼玉県,所沢市,344233,5812,4879,26,83.95%,4,12.96,2,41.4,4,262509,272301,3.73,5,485,0.14%,2,0.3,1,18,256
11210,埼玉県,加須市,113043,1965,1777,0,90.43%,5,14.4,4,41.9,5,104249,108846,4.41,6,158,0.14%,2,0,1,23,137
11214,埼玉県,春日部市,234137,2835,2518,24,88.82%,5,13.45,3,39.8,4,183744,190411,3.63,5,307,0.13%,1,2.8,1,19,229
11215,埼玉県,狭山市,150719,2313,2045,46,88.41%,5,13.29,3,41,4,148886,151143,1.52,4,208,0.14%,2,25.8,2,20,213
11217,埼玉県,鴻巣市,118395,1842,1436,0,77.96%,3,14.31,4,50.7,10,94914,102099,7.57,8,140,0.12%,1,40.8,4,30,21
11218,埼玉県,深谷市,143219,3315,3007,2,90.71%,5,14.07,4,43.7,5,136509,138709,1.61,4,242,0.17%,3,6.5,1,22,171
11219,埼玉県,上尾市,228779,3356,2732,24,81.41%,3,12.95,2,46.6,6,175053,182445,4.22,6,331,0.14%,2,55,5,24,109
11221,埼玉県,草加市,249645,3649,3036,39,83.20%,3,11.94,1,35.4,2,208935,219238,4.93,6,378,0.15%,2,0,1,15,279
11222,埼玉県,越谷市,344528,5362,3915,43,73.01%,2,12.66,2,41.6,5,269185,285043,5.89,6,653,0.19%,4,3.3,1,20,221
11224,埼玉県,戸田市,140642,3335,2878,83,86.30%,4,11.06,1,39.5,4,123143,131792,7.02,8,250,0.18%,4,54,5,26,56
11225,埼玉県,入間市,147727,2341,2137,27,91.29%,6,13.42,3,46.2,6,131117,136901,4.41,6,243,0.16%,3,4.6,1,25,92
11227,埼玉県,朝霞市,141802,3244,2718,114,83.79%,4,11.62,1,34.9,2,118090,127709,8.15,10,196,0.14%,2,1.9,1,20,203
11230,埼玉県,新座市,165727,3204,2680,89,83.65%,4,12.18,1,39.8,4,167911,175460,4.5,6,188,0.11%,1,13.8,2,18,252
11232,埼玉県,久喜市,153066,2263,1556,40,68.76%,2,14.17,4,43.7,5,136417,139569,2.31,5,241,0.16%,3,2.8,1,20,220
11235,埼玉県,富士見市,111620,2020,1475,66,73.02%,2,12.29,1,37,3,93048,102143,9.77,10,171,0.15%,3,4.4,1,20,216
11237,埼玉県,三郷市,142529,2348,1731,66,73.72%,2,12.74,2,40.5,4,125542,132560,5.59,6,241,0.17%,3,3.8,1,18,259
11239,埼玉県,坂戸市,101026,1517,1250,9,82.40%,3,13.21,3,42.6,5,101621,100138,-1.46,2,152,0.15%,2,31.7,3,18,258
11245,埼玉県,ふじみ野市,114306,2194,1902,24,86.69%,4,12.31,2,39.9,4,87902,94092,7.04,8,167,0.15%,2,2.7,1,21,188
12100,千葉県,千葉市,972516,16135,13777,48,85.39%,4,13.35,3,40.8,4,938446,954679,1.73,4,1820,0.19%,4,65,6,25,86
12203,千葉県,市川市,490192,8669,7466,576,86.12%,4,12.31,1,34.5,2,358509,396585,10.62,10,685,0.14%,2,73.3,8,27,44
12204,千葉県,船橋市,642938,11763,10668,81,90.69%,5,12.78,2,40.6,4,487599,515074,5.63,6,1057,0.16%,3,74.8,8,28,34
12206,千葉県,木更津市,135617,1993,1757,86,88.16%,5,15.02,5,41.1,4,110506,114894,3.97,5,325,0.24%,6,35.2,3,28,37
12207,千葉県,松戸市,498473,7602,6606,0,86.90%,4,13.19,3,39.6,4,353832,373922,5.68,6,769,0.15%,3,78.9,10,30,14
12208,千葉県,野田市,154373,2210,2049,0,92.71%,6,14.04,4,42.9,5,127848,130089,1.75,4,231,0.15%,2,35.8,3,24,107
12211,千葉県,成田市,132735,2468,2304,18,93.35%,6,13.86,4,40.5,4,166291,154492,-7.1,1,350,0.26%,8,36.3,3,26,70
12212,千葉県,佐倉市,175045,2295,2185,0,95.21%,8,14.72,5,45.6,6,132744,137129,3.3,5,238,0.14%,1,58.6,5,30,15
12216,千葉県,習志野市,173885,2674,1756,338,65.67%,2,12.87,2,44.3,5,170988,171814,0.48,3,298,0.17%,3,73,6,21,193
12217,千葉県,柏市,424920,6879,6066,0,88.18%,5,13.96,4,41.5,5,350507,364674,4.04,6,734,0.17%,4,63.7,6,30,18
12219,千葉県,市原市,275385,3221,2574,38,79.91%,3,13.9,4,36.4,3,223144,230394,3.25,5,467,0.17%,3,26,3,21,187
12220,千葉県,流山市,195476,4731,4342,92,91.78%,6,14.27,4,49.2,8,162533,175023,7.68,8,249,0.13%,1,70,6,33,4
12221,千葉県,八千代市,199786,2799,2256,107,80.60%,3,13.19,3,39.8,4,148496,158619,6.82,8,314,0.16%,3,75.7,8,29,24
12222,千葉県,我孫子市,132183,2049,1931,0,94.24%,6,15.03,5,41.7,5,82854,88498,6.81,8,143,0.11%,1,69,6,31,10
12224,千葉県,鎌ケ谷市,109954,1310,1161,0,88.63%,5,13.28,3,38.5,3,101382,106884,5.43,6,149,0.14%,1,69.9,6,24,98
12227,千葉県,浦安市,170169,3487,2779,165,79.70%,3,12.86,2,43.6,5,206473,189975,-7.99,1,332,0.20%,5,70.9,6,22,174
12231,千葉県,印西市,103513,1774,1433,81,80.78%,3,15.07,5,49.6,8,79708,82876,3.97,5,178,0.17%,4,34.7,3,28,41
13102,東京都,中央区,168361,4453,3718,324,83.49%,4,11.63,1,20.8,1,959166,706464,-26.35,1,1315,0.78%,10,61,6,23,146
13103,東京都,港区,260379,7428,4671,164,62.88%,1,13.34,3,17.1,1,1255753,898502,-28.45,1,1856,0.71%,10,61,6,22,177
13104,東京都,新宿区,348452,5968,5190,27,86.96%,4,11.92,1,12.9,1,1031901,816821,-20.84,1,1756,0.50%,10,61,6,23,147
13105,東京都,文京区,226114,4502,3986,102,88.54%,5,12.94,2,18.9,1,526229,450851,-14.32,1,494,0.22%,5,61,6,20,208
13106,東京都,台東区,202431,3367,2536,227,75.32%,2,12.27,1,12.6,1,451045,397866,-11.79,1,859,0.42%,10,61,6,21,199
13107,東京都,墨田区,274896,6207,4905,148,79.02%,3,11.27,1,29.2,1,343160,338181,-1.45,2,672,0.24%,6,61,6,19,235
13108,東京都,江東区,521835,12967,10890,322,83.98%,4,11.6,1,29.5,1,661570,603077,-8.84,1,1172,0.22%,6,61,5,18,257
13109,東京都,品川区,401704,9242,8330,219,90.13%,5,11.65,1,32.2,2,582952,524461,-10.03,1,948,0.24%,6,61,5,20,219
13110,東京都,目黒区,281474,5287,3870,617,73.20%,2,13.29,3,27.8,1,364079,364782,0.19,3,547,0.19%,4,61,5,18,249
13111,東京都,大田区,734493,13488,11190,572,82.96%,3,11.83,1,33.2,2,654816,664288,1.45,4,1166,0.16%,3,61,5,18,250
13112,東京都,世田谷区,917486,16356,13939,861,85.22%,4,13.18,2,18.8,1,725077,764172,5.39,6,1379,0.15%,2,61,5,20,201
13113,東京都,渋谷区,229671,4593,3823,266,83.24%,3,13.53,3,19,1,822988,653398,-20.61,1,1362,0.59%,10,61,5,23,148
13114,東京都,中野区,335234,6069,4624,375,76.19%,2,12.13,1,24.3,1,351000,369769,5.35,6,507,0.15%,2,61,5,17,263
13115,東京都,杉並区,574118,10762,8482,29,78.81%,3,12.38,2,28.1,1,428281,475922,11.12,10,811,0.14%,2,61,5,23,128
13116,東京都,豊島区,290246,5271,4762,0,90.34%,5,11.82,1,25.8,1,496644,454967,-8.39,1,1102,0.38%,10,61,5,23,149
13117,東京都,北区,353908,7551,6964,82,92.23%,6,11.26,1,13.1,1,353747,372021,5.17,6,543,0.15%,3,61,5,22,154
13118,東京都,荒川区,217146,5358,4922,181,91.86%,6,11.48,1,12.8,1,221563,234210,5.71,6,319,0.15%,2,61,5,21,180
13119,東京都,板橋区,571357,12437,10374,231,83.41%,3,11.17,1,26.8,1,450218,487132,8.2,10,819,0.14%,2,61,5,22,152
13120,東京都,練馬区,739435,14624,12746,48,87.16%,4,11.83,1,23.9,1,495232,554183,11.9,10,917,0.12%,1,61,5,22,151
13121,東京都,足立区,691298,12336,10304,374,83.53%,4,11.39,1,11.3,1,545376,580400,6.42,6,1003,0.15%,2,61,5,19,223
13122,東京都,葛飾区,464550,10661,9552,76,89.60%,5,11.79,1,26.3,1,357692,388907,8.73,10,767,0.17%,3,61,5,25,74
13123,東京都,江戸川区,700079,12660,10569,420,83.48%,3,11.17,1,31.1,2,484985,527623,8.79,10,979,0.14%,2,61,5,23,130
13201,東京都,八王子市,562480,11529,10888,107,94.44%,6,13.25,3,39.8,4,466319,458240,-1.73,2,891,0.16%,3,19.6,2,20,217
13202,東京都,立川市,184090,4082,3596,145,88.09%,5,12.11,1,29.8,1,223337,223738,0.18,3,442,0.24%,6,29.7,3,19,239
13203,東京都,武蔵野市,146871,2641,1986,120,75.20%,2,12.99,2,38.5,3,200548,193987,-3.27,1,401,0.27%,8,58.4,5,21,200
13204,東京都,三鷹市,188461,3707,3128,270,84.38%,4,12.22,1,33.5,2,198696,209139,5.26,6,230,0.12%,1,48.9,5,19,224
13205,東京都,青梅市,133032,3191,3074,12,96.33%,8,13.31,3,33.4,2,98310,101145,2.88,5,181,0.14%,1,11.4,1,20,202
13206,東京都,府中市,260232,5647,4885,383,86.51%,4,11.89,1,39,3,226422,235415,3.97,5,410,0.16%,3,49.4,5,21,185
13207,東京都,昭島市,113397,2853,2606,17,91.34%,6,11.79,1,36.3,3,91181,92781,1.75,4,179,0.16%,3,29.4,3,20,212
13208,東京都,調布市,237054,5175,4621,312,89.29%,5,12.44,2,34,2,202468,215729,6.55,8,379,0.16%,3,54.3,5,25,77
13209,東京都,町田市,428821,7645,6527,229,85.38%,4,13.44,3,38.4,3,384946,394721,2.54,5,637,0.15%,2,36.8,3,20,205
13210,東京都,小金井市,122306,2386,1909,156,80.01%,3,12.15,1,38.5,3,112889,116733,3.41,5,162,0.13%,1,44.1,4,17,264
13211,東京都,小平市,194869,3778,3283,89,86.90%,4,12.18,1,37.3,3,166927,172360,3.25,5,230,0.12%,1,53.7,5,19,226
13212,東京都,日野市,186346,3759,3299,252,87.76%,5,12.77,2,39.7,4,154740,156738,1.29,4,227,0.12%,1,35.4,3,19,228
13213,東京都,東村山市,151255,2719,2294,64,84.37%,4,12.68,2,35,2,112719,120157,6.6,8,164,0.11%,1,25.8,2,19,225
13214,東京都,国分寺市,125170,2588,2416,92,93.35%,6,13.07,2,38.5,3,126737,134798,6.36,6,201,0.16%,3,58.2,5,25,80
13222,東京都,東久留米市,116916,2280,1920,67,84.21%,4,12.62,2,35,2,105171,113458,7.88,8,152,0.13%,1,40.5,4,21,181
13224,東京都,多摩市,148823,2927,2523,83,86.20%,4,12.71,2,37.4,3,149045,143689,-3.59,1,216,0.15%,2,26.1,3,15,281
13229,東京都,西東京市,205125,3740,3152,146,84.28%,4,12.46,2,36.7,3,147583,160785,8.95,10,281,0.14%,2,43.4,4,25,78
14100,神奈川県,横浜市,3754772,65144,58371,2,89.60%,5,12.95,2,42.3,5,3577722,3704584,3.55,5,5821,0.16%,3,58.1,5,25,87
14130,神奈川県,川崎市,1514299,29890,26025,0,87.07%,4,12.05,1,38.6,3,1410376,1494702,5.98,6,2301,0.15%,2,74.6,8,24,99
14150,神奈川県,相模原市,718300,12402,10703,0,86.30%,4,12.57,2,38.4,3,618801,648022,4.72,6,1148,0.16%,3,23.1,2,20,214
14201,神奈川県,横須賀市,401050,4283,3268,12,76.30%,2,14.24,4,29.2,1,321761,331039,2.88,5,566,0.14%,2,11.8,1,15,278
14203,神奈川県,平塚市,256947,4106,3738,32,91.04%,5,13.15,2,38.7,3,203851,203716,-0.07,3,444,0.17%,4,21.3,2,19,240
14204,神奈川県,鎌倉市,176408,2579,2131,47,82.63%,3,15.47,6,41.8,5,163473,166422,1.8,4,279,0.16%,3,16.1,2,23,140
14205,神奈川県,藤沢市,436206,7183,6284,148,87.48%,4,12.74,2,41.9,5,352939,360044,2.01,5,703,0.16%,3,37.8,4,23,139
14206,神奈川県,小田原市,190580,3404,3141,24,92.27%,6,13.67,3,41,4,162745,162394,-0.22,3,433,0.23%,6,16,2,24,121
14207,神奈川県,茅ヶ崎市,243884,3954,3488,18,88.21%,5,13.63,3,46,6,164688,169357,2.84,5,299,0.12%,1,13.2,1,21,192
14211,神奈川県,秦野市,161193,2295,1533,49,66.80%,2,13.48,3,41.3,4,115400,115645,0.21,3,286,0.18%,4,9.8,1,17,273
14212,神奈川県,厚木市,224378,3244,2764,48,85.20%,4,12.66,2,43,5,237245,228368,-3.74,1,487,0.22%,5,7.2,1,18,262
14213,神奈川県,大和市,239192,3805,3314,0,87.10%,4,12.6,2,39.8,4,188300,199285,5.83,6,451,0.19%,4,50.9,5,25,88
14214,神奈川県,伊勢原市,100427,1479,1129,58,76.34%,2,12.77,2,41.2,4,96470,95646,-0.85,2,194,0.19%,4,0,1,15,282
14215,神奈川県,海老名市,134442,2002,1832,58,91.51%,6,13.19,3,44,5,141836,142225,0.27,3,284,0.21%,5,11.6,1,23,145
14216,神奈川県,座間市,131698,1684,1434,79,85.15%,4,12.77,2,38.4,3,106037,113714,7.24,8,188,0.14%,2,15.7,2,21,183
15100,新潟県,新潟市,788465,21938,19162,2,87.35%,4,15.02,5,42.2,5,645141,641002,-0.64,2,1498,0.19%,4,6.6,1,21,198
15202,新潟県,長岡市,268872,7283,6518,0,89.50%,5,15.88,6,44.4,5,202517,201960,-0.28,2,470,0.17%,4,21.1,2,24,117
15222,新潟県,上越市,191197,5127,4882,0,95.22%,8,16.12,8,46.6,6,155915,158998,1.98,5,313,0.16%,3,12,1,31,13
16201,富山県,富山市,415765,10683,4017,0,37.60%,1,15.9,8,48.2,6,345564,342792,-0.8,2,845,0.20%,5,33.8,3,25,95
16202,富山県,高岡市,170493,4414,3507,0,79.45%,3,17.51,10,43.4,5,130763,134883,3.15,5,384,0.23%,6,37.1,4,33,5
17201,石川県,金沢市,452220,12459,8639,0,69.34%,2,14.87,5,41.1,4,383810,377513,-1.64,2,1142,0.25%,6,65.6,6,25,93
17203,石川県,小松市,108265,3896,1136,0,29.16%,1,16.9,10,41.1,4,92204,94779,2.79,5,234,0.22%,5,15.7,2,27,48
17210,石川県,白山市,113715,3500,2442,0,69.77%,2,16.66,10,49.6,8,90786,90027,-0.84,2,200,0.18%,4,29.6,3,29,32
18201,福井県,福井市,263152,8039,3245,0,40.37%,1,15.27,6,42.7,5,218051,215905,-0.98,2,552,0.21%,5,43.3,4,23,143
19201,山梨県,甲府市,187880,4288,2712,0,63.25%,2,14.38,4,37.6,3,177939,173405,-2.55,1,491,0.26%,8,37,4,22,179
20201,長野県,長野市,375884,8433,7567,0,89.73%,5,14.95,5,46.5,6,308856,305241,-1.17,2,756,0.20%,5,43.3,4,27,51
20202,長野県,松本市,238737,5810,5132,0,88.33%,5,15.13,5,47.1,6,190342,191106,0.4,3,602,0.25%,6,33.6,3,28,42
20203,長野県,上田市,156810,3694,3625,0,98.13%,8,15.43,6,45.8,6,131953,132086,0.1,3,295,0.19%,4,24.9,2,29,30
20205,長野県,飯田市,100702,3289,2866,0,87.14%,4,15.58,6,41.1,4,73826,75195,1.85,4,184,0.18%,4,35.9,3,25,90
21201,岐阜県,岐阜市,408804,5545,4449,0,80.23%,3,15.36,6,43.9,5,340726,343840,0.91,4,756,0.18%,4,21.8,2,24,116
21202,岐阜県,大垣市,161310,3987,3420,0,85.78%,4,14.77,5,48.4,8,135773,137770,1.47,4,290,0.18%,4,2.5,1,26,71
21204,岐阜県,多治見市,110308,1758,1612,0,91.70%,6,15.66,6,48.9,8,64501,66837,3.62,5,137,0.12%,1,29.3,3,29,26
21213,岐阜県,各務原市,147651,1879,1725,0,91.80%,6,15.21,6,50,10,101915,106069,4.08,6,254,0.17%,4,6.7,1,33,7
21214,岐阜県,可児市,102327,1485,1411,0,95.02%,6,15.3,6,47.3,6,73677,74855,1.6,4,168,0.16%,3,26.9,3,28,35
22100,静岡県,静岡市,698275,12771,5275,40,41.30%,1,13.64,3,46.1,6,605073,599644,-0.9,2,1502,0.22%,5,57.7,5,22,178
22130,静岡県,浜松市,802527,12687,6883,168,54.25%,1,14.54,5,49.3,8,742319,749342,0.95,4,1403,0.17%,4,45.5,4,26,69
22203,静岡県,沼津市,194869,2713,2376,30,87.58%,5,14.46,4,37.4,3,171879,172772,0.52,3,464,0.24%,6,49.5,5,26,61
22206,静岡県,三島市,109445,2039,1861,9,91.27%,6,14.01,4,44.3,5,91419,89429,-2.18,1,215,0.20%,5,50.6,5,26,64
22207,静岡県,富士宮市,132299,2407,1898,0,78.85%,3,14.43,4,39.4,4,99668,99560,-0.11,3,295,0.22%,6,27.3,3,23,144
22210,静岡県,富士市,253354,4444,3595,37,80.90%,3,13.86,4,44.3,5,192205,193114,0.47,3,494,0.19%,4,42.7,4,23,142
22211,静岡県,磐田市,169818,2990,2448,0,81.87%,3,13.86,4,49.9,10,154832,155632,0.52,3,308,0.18%,4,20,2,26,73
22212,静岡県,焼津市,139435,1885,1664,25,88.28%,5,14.43,4,47.1,6,95492,96781,1.35,4,242,0.17%,4,26.6,3,26,67
22213,静岡県,掛川市,117804,2239,1463,0,65.34%,2,14.43,4,38.3,3,116545,116723,0.15,3,239,0.20%,5,23.5,2,19,244
22214,静岡県,藤枝市,144662,1966,1372,5,69.79%,2,14.14,4,52.4,10,105300,105808,0.48,3,240,0.17%,3,23.4,2,24,127
23100,愛知県,名古屋市,2301639,45103,38315,0,84.95%,4,13.59,3,39.2,4,3117351,2979623,-4.42,1,5757,0.25%,6,79.5,10,28,36
23201,愛知県,豊橋市,377429,8606,6633,0,77.07%,3,13.58,3,49.1,8,270678,274894,1.56,4,627,0.17%,3,45,4,25,94
23202,愛知県,岡崎市,387791,7456,7445,0,99.85%,10,13.73,3,54.2,10,239467,242539,1.28,4,628,0.16%,3,39.5,4,34,3
23203,愛知県,一宮市,385228,8263,8188,0,99.09%,10,14.54,5,45.4,6,261912,270588,3.31,5,563,0.15%,2,36.5,3,31,12
23204,愛知県,瀬戸市,129527,2165,2082,28,96.17%,8,14.71,5,43.2,5,96873,96629,-0.25,2,196,0.15%,2,48.3,4,26,55
23205,愛知県,半田市,120078,2469,2269,0,91.90%,6,14.3,4,44.2,5,91682,94128,2.67,5,241,0.20%,5,42.4,4,29,29
23206,愛知県,春日井市,311338,6102,5489,0,89.95%,5,14.12,4,46.1,6,254819,257899,1.21,4,464,0.15%,2,39.3,4,25,89
23207,愛知県,豊川市,186802,4940,4912,0,99.43%,10,14.27,4,50.9,10,148746,150955,1.49,4,352,0.19%,4,35.9,3,35,1
23210,愛知県,刈谷市,152665,2284,2125,12,93.04%,6,13.24,3,53.1,10,147083,144078,-2.04,1,304,0.20%,5,29.7,3,28,43
23211,愛知県,豊田市,425145,7099,6180,0,87.05%,4,14.18,4,47.7,6,323567,313749,-3.03,1,744,0.17%,4,25.9,3,22,176
23212,愛知県,安城市,190228,3940,3898,0,98.93%,10,13.78,4,48.5,8,151333,152163,0.55,3,302,0.16%,3,40.2,4,32,9
23213,愛知県,西尾市,172350,4339,4338,0,99.98%,10,15.33,6,48.2,6,121774,124477,2.22,5,229,0.13%,1,25.6,2,30,17
23217,愛知県,江南市,100615,1859,1859,0,100.00%,10,14.53,5,42,5,73074,75451,3.25,5,137,0.14%,2,33.7,3,30,16
23219,愛知県,小牧市,153026,2798,2473,3,88.38%,5,13.44,3,34.9,2,162853,165247,1.47,4,333,0.22%,5,44.9,4,23,134
23220,愛知県,稲沢市,136702,3462,3449,0,99.62%,10,15.14,5,47.7,6,129799,133357,2.74,5,211,0.15%,3,29.6,3,32,8
23222,愛知県,東海市,115058,2581,2523,0,97.75%,8,13.68,3,47.7,6,108012,108150,0.13,3,238,0.21%,5,43.7,4,29,31
24201,三重県,津市,278105,6043,5206,0,86.15%,4,15.81,6,41.8,5,236633,236814,0.08,3,528,0.19%,4,22.8,2,24,115
24202,三重県,四日市市,311551,5481,4946,54,90.24%,5,14.73,5,42.9,5,219814,223132,1.51,4,720,0.23%,6,28.2,3,28,39
24203,三重県,伊勢市,125462,2974,2288,0,76.93%,2,15.46,6,39.2,3,127967,124836,-2.45,1,312,0.25%,6,28.3,3,21,196
24204,三重県,松阪市,163477,4194,4172,0,99.48%,10,15.05,5,43.5,5,141475,142398,0.65,3,294,0.18%,4,19.1,2,29,27
24205,三重県,桑名市,142019,2774,2749,0,99.10%,10,15.28,6,49.3,8,90841,90019,-0.9,2,303,0.21%,5,17.5,2,33,6
24207,三重県,鈴鹿市,199884,4436,4227,0,95.29%,8,14.97,5,46.6,6,146123,148492,1.62,4,391,0.20%,5,15.1,2,30,22
25201,滋賀県,大津市,343815,7907,6454,0,81.62%,3,15.03,5,45.1,6,234268,230387,-1.66,2,511,0.15%,2,57.8,5,23,138
25202,滋賀県,彦根市,112975,2705,2545,20,94.09%,6,15.19,5,50.9,10,102173,105225,2.99,5,248,0.22%,5,44.2,4,35,2
25203,滋賀県,長浜市,117892,2891,1481,35,51.23%,1,17.94,10,47.5,6,107431,109015,1.47,4,197,0.17%,3,21.1,2,26,62
25206,滋賀県,草津市,134926,3560,3120,2,87.64%,5,13.62,3,46.9,6,132618,130322,-1.73,2,329,0.24%,6,55,5,27,52
25213,滋賀県,東近江市,114316,2314,941,44,40.67%,1,15.52,6,51.3,10,92332,94136,1.95,4,179,0.16%,3,16.8,2,26,72
26100,京都府,京都市,1409702,31640,27054,0,85.51%,4,13.15,2,36.2,3,1695203,1579671,-6.82,1,2981,0.21%,5,81.6,10,25,84
26204,京都府,宇治市,185878,4077,2504,10,61.42%,1,13.61,3,39.7,4,131353,136530,3.94,5,198,0.11%,1,73.2,8,22,158
27100,大阪府,大阪市,2730420,52673,43943,325,83.43%,3,11.95,1,29.7,1,4360660,4133348,-5.21,1,7628,0.28%,10,75.8,8,24,122
27140,大阪府,堺市,834787,17542,2734,31,15.59%,1,12.79,2,39.5,4,804829,822284,2.17,5,1265,0.15%,2,63.2,6,20,207
27202,大阪府,岸和田市,194162,4430,2494,23,56.30%,1,12.67,2,33.9,2,141701,146048,3.07,5,272,0.14%,2,46.3,4,16,277
27203,大阪府,豊中市,408464,7394,2889,121,39.07%,1,12.92,2,40.2,4,355524,375867,5.72,6,485,0.12%,1,77,8,22,157
27204,大阪府,池田市,103613,1674,1169,0,69.83%,2,13.5,3,44.2,5,106246,107126,0.83,4,132,0.13%,1,37.5,4,19,232
27205,大阪府,吹田市,373557,7179,4627,124,64.45%,2,13.58,3,43,5,376288,377580,0.34,3,538,0.14%,2,73.4,8,23,133
27207,大阪府,高槻市,351503,6774,3841,0,56.70%,1,13.55,3,39.8,4,274584,278320,1.36,4,373,0.11%,1,37.7,4,17,266
27209,大阪府,守口市,143884,3072,906,48,29.49%,1,12.19,1,29.7,1,156322,155992,-0.21,3,212,0.15%,2,72.9,6,14,283
27210,大阪府,枚方市,401074,7917,7084,9,89.48%,5,13.49,3,36.3,3,304490,316214,3.85,5,461,0.11%,1,61.3,6,23,129
27211,大阪府,茨木市,282362,5936,1927,58,32.46%,1,12.78,2,47.5,6,270608,269362,-0.46,2,389,0.14%,2,61.4,6,19,243
27212,大阪府,八尾市,266349,5601,2121,63,37.87%,1,13,2,33.4,2,249734,252856,1.25,4,397,0.15%,2,58.2,5,16,276
27213,大阪府,泉佐野市,100420,2227,641,0,28.78%,1,13.16,2,35.5,2,91588,86227,-5.85,1,216,0.22%,5,34.9,3,14,285
27214,大阪府,富田林市,111033,1885,1788,29,94.85%,6,14.44,4,41.8,5,100156,103910,3.75,5,138,0.12%,1,40.9,4,25,81
27215,大阪府,寝屋川市,231700,4411,3512,0,79.62%,3,12.86,2,32.7,2,188089,190436,1.25,4,309,0.13%,1,68,6,18,246
27216,大阪府,河内長野市,104562,1601,1317,0,82.26%,3,16.53,10,44.4,5,76597,77054,0.6,3,99,0.09%,1,36.6,3,25,82
27217,大阪府,松原市,119577,2146,1938,0,90.31%,5,12.68,2,30.1,1,117852,116222,-1.38,2,151,0.13%,1,52.7,5,16,275
27218,大阪府,大東市,120285,2458,1539,2,62.61%,1,12.41,2,35.4,2,121784,119557,-1.83,1,167,0.14%,2,56.4,5,13,286
27219,大阪府,和泉市,186079,3671,1267,56,34.51%,1,13.22,3,43.3,5,157323,157166,-0.1,3,268,0.14%,2,34.1,3,17,272
27220,大阪府,箕面市,138377,2306,1968,16,85.34%,4,14.8,5,48.3,8,125493,131182,4.53,6,209,0.15%,2,43.2,4,29,28
27222,大阪府,羽曳野市,111042,2105,1893,0,89.93%,5,13.68,3,41.4,5,106769,107051,0.26,3,112,0.10%,1,35.1,3,20,210
27223,大阪府,門真市,121575,2336,1072,17,45.89%,1,12.23,1,27.4,1,129429,134315,3.78,5,238,0.20%,5,66.6,6,19,230
27227,大阪府,東大阪市,488618,8857,4422,106,49.93%,1,12.71,2,31,2,457741,457864,0.03,3,849,0.17%,4,62.9,6,18,253
28100,兵庫県,神戸市,1533588,27557,12757,93,46.29%,1,14.07,4,36.9,3,1373224,1341474,-2.31,1,2729,0.18%,4,76.4,8,21,189
28201,兵庫県,姫路市,535982,11574,6604,126,57.06%,1,15.41,6,45.5,6,480043,487047,1.46,4,977,0.18%,4,49.5,5,26,65
28202,兵庫県,尼崎市,463262,8022,6651,87,82.91%,3,12.32,2,34.5,2,363617,376700,3.6,5,740,0.16%,3,88.6,10,25,76
28203,兵庫県,明石市,303961,6467,5291,547,81.82%,3,13.38,3,40.7,4,213749,221308,3.54,5,428,0.14%,2,75.7,8,25,79
28204,兵庫県,西宮市,484357,8126,5685,323,69.96%,2,13.57,3,39.5,4,354979,355946,0.27,3,704,0.15%,2,79,10,24,100
28207,兵庫県,伊丹市,203539,2994,2587,0,86.41%,4,12.46,2,41.5,5,175413,180559,2.93,5,296,0.15%,2,85.5,10,28,33
28210,兵庫県,加古川市,264364,4847,3256,77,67.18%,2,14.07,4,46.7,6,205236,211238,2.92,5,408,0.15%,3,40.2,4,24,111
28214,兵庫県,宝塚市,234044,4207,3354,128,79.72%,3,14.83,5,45.2,6,166812,174256,4.46,6,260,0.11%,1,64.2,6,27,45
28217,兵庫県,川西市,157432,2140,1543,39,72.10%,2,15.2,6,45,6,111521,116252,4.24,6,163,0.10%,1,58.7,5,26,54
28219,兵庫県,三田市,111934,1599,1000,25,62.54%,1,15.87,6,47.6,6,79134,80636,1.9,4,186,0.17%,3,39.3,4,24,112
29201,奈良県,奈良市,356027,5988,3822,163,63.83%,2,15.31,6,47.7,6,274910,278470,1.29,4,581,0.16%,3,31.3,3,24,114
29205,奈良県,橿原市,121736,2469,2092,20,84.73%,4,14.56,5,44,5,111709,114159,2.19,5,248,0.20%,5,62.2,6,30,19
29209,奈良県,生駒市,119483,2413,1751,46,72.57%,2,15.45,6,55.9,10,75770,79487,4.91,6,111,0.09%,1,60.7,5,30,20
30201,和歌山県,和歌山市,366923,6933,4568,23,65.89%,2,14.07,4,39,3,265584,265483,-0.04,3,760,0.21%,5,50.5,5,22,166
31201,鳥取県,鳥取市,186960,5746,4937,0,85.92%,4,14.79,5,41,4,156587,157452,0.55,3,488,0.26%,8,38.4,4,28,40
31202,鳥取県,米子市,147857,4504,3554,0,78.91%,3,14.09,4,39.9,4,114048,113851,-0.17,3,326,0.22%,5,36,3,22,172
32201,島根県,松江市,201981,7060,6377,30,90.33%,5,13.84,4,40.3,4,144297,145030,0.51,3,421,0.21%,5,34.2,3,24,113
32203,島根県,出雲市,174995,5804,5428,78,93.52%,6,14.92,5,44.3,5,120976,122150,0.97,4,344,0.20%,5,15.9,2,27,50
33100,岡山県,岡山市,708973,17088,13620,849,79.71%,3,14.15,4,43.2,5,662056,655411,-1,2,1619,0.23%,6,47.5,4,24,123
33202,岡山県,倉敷市,482250,11473,10171,186,88.65%,5,13.91,4,39.1,3,364198,366131,0.53,3,833,0.17%,4,24.6,2,21,190
33203,岡山県,津山市,100669,3201,2906,0,90.78%,5,15,5,35.9,3,75775,76992,1.61,4,224,0.22%,5,10.7,1,23,141
34100,広島県,広島市,1195775,26835,23713,93,88.37%,5,13.45,3,43.9,5,1141151,1138404,-0.24,2,2398,0.20%,5,73,6,26,63
34202,広島県,呉市,221502,4177,3225,0,77.21%,3,16.09,8,39.7,4,152331,151183,-0.75,2,303,0.14%,2,49.8,5,24,102
34205,広島県,尾道市,136156,2289,1716,0,74.97%,2,15.37,6,40.3,4,118456,120095,1.38,4,188,0.14%,2,34.5,3,21,186
34207,広島県,福山市,468956,12436,9406,0,75.64%,2,14.24,4,40,4,369821,371309,0.4,3,681,0.15%,2,41,4,19,231
34212,広島県,東広島市,188779,4572,4175,93,91.32%,6,14.6,5,43.8,5,137525,139200,1.22,4,317,0.17%,3,26.6,3,26,57
34213,広島県,廿日市市,117252,2605,2583,0,99.16%,10,15.71,6,44.3,5,86806,85370,-1.65,2,175,0.15%,2,48.6,4,29,25
35201,山口県,下関市,260897,5335,3952,0,74.08%,2,14.45,4,37.7,3,165387,164562,-0.5,2,413,0.16%,3,41,4,18,254
35202,山口県,宇部市,164255,2687,2577,0,95.91%,8,15.16,5,42.6,5,113664,114329,0.59,3,275,0.17%,3,17.2,2,26,58
35203,山口県,山口市,191529,3729,3298,92,88.44%,5,14.93,5,44.1,5,150955,151276,0.21,3,441,0.23%,6,1.4,1,25,96
35206,山口県,防府市,115888,2272,2018,0,88.82%,5,15,5,37.2,3,91741,92148,0.44,3,177,0.15%,3,8.5,1,20,215
35208,山口県,岩国市,133626,2425,2133,0,87.96%,5,16.09,8,29.6,1,99179,99970,0.8,4,182,0.14%,2,17.5,2,22,153
35215,山口県,周南市,142482,2240,2068,0,92.32%,6,14.7,5,38.5,3,119162,120979,1.52,4,240,0.17%,3,36.3,3,24,104
36201,徳島県,徳島市,253054,6139,4740,38,77.21%,3,14.92,5,37,3,229690,228886,-0.35,2,531,0.21%,5,47,4,22,167
37201,香川県,高松市,427131,9602,7849,224,81.74%,3,15.17,5,40.7,4,319014,316245,-0.87,2,987,0.23%,6,40.5,4,24,120
37202,香川県,丸亀市,112899,2992,2545,0,85.06%,4,15.49,6,37.1,3,93000,95190,2.35,5,211,0.19%,4,12.2,1,23,135
38201,愛媛県,松山市,511310,7324,5617,88,76.69%,2,14.17,4,34.7,2,420874,412191,-2.06,1,1026,0.20%,5,58.4,5,19,236
38202,愛媛県,今治市,158386,2518,1996,0,79.27%,3,15.68,6,33.3,2,114722,116244,1.33,4,310,0.20%,5,23.5,2,22,164
38205,愛媛県,新居浜市,118970,2777,2605,0,93.81%,6,14.46,4,33.5,2,74627,76098,1.97,5,200,0.17%,3,22.6,2,22,159
38206,愛媛県,西条市,108961,2878,2584,0,89.78%,5,15.67,6,34.1,2,73477,77804,5.89,6,189,0.17%,4,22.8,2,25,83
39201,高知県,高知市,327575,10638,9396,73,88.32%,5,13.98,4,30.8,2,257353,255997,-0.53,2,657,0.20%,5,18.4,2,20,218
40100,福岡県,北九州市,950602,17485,15846,0,90.63%,5,13.55,3,35.3,2,760916,753608,-0.96,2,1751,0.18%,4,68.9,6,22,160
40130,福岡県,福岡市,1554229,37217,33470,89,89.93%,5,12.78,2,36.6,3,1704690,1669241,-2.08,1,3691,0.24%,6,79.5,10,27,47
40202,福岡県,大牟田市,113587,2427,2152,0,88.67%,5,13.99,4,28.9,1,99811,102001,2.19,5,182,0.16%,3,38.1,4,22,156
40203,福岡県,久留米市,305311,9134,8262,59,90.45%,5,13.71,3,33.2,2,279009,278349,-0.24,2,443,0.15%,2,46.8,4,18,247
40205,福岡県,飯塚市,128184,3246,2742,0,84.47%,4,13.67,3,30.2,2,91693,91989,0.32,3,251,0.20%,5,18.5,2,19,241
40217,福岡県,筑紫野市,104038,2152,1920,177,89.22%,5,13.75,3,42.7,5,87726,87414,-0.36,2,151,0.15%,2,57.2,5,22,162
40218,福岡県,春日市,113316,1867,1750,74,93.73%,6,12.43,2,42.5,5,101195,103203,1.98,5,147,0.13%,1,79,10,29,23
40219,福岡県,大野城市,101156,2248,1967,227,87.50%,4,12.5,2,39.4,4,90686,93118,2.68,5,174,0.17%,4,71.1,6,25,85
40230,福岡県,糸島市,101866,2708,2610,4,96.38%,8,14.45,4,39,3,72091,74582,3.46,5,128,0.13%,1,39.7,4,25,75
41201,佐賀県,佐賀市,232476,5950,3616,27,60.77%,1,13.7,3,39.9,4,199722,199741,0.01,3,588,0.25%,6,34.7,3,20,222
41202,佐賀県,唐津市,121278,3829,2994,0,78.19%,3,14.77,5,32,2,87800,90379,2.94,5,190,0.16%,3,27.8,3,21,182
42201,長崎県,長崎市,416405,9868,7453,76,75.53%,2,13.03,2,35.2,2,312608,311226,-0.44,2,784,0.19%,4,58.3,5,17,268
42202,長崎県,佐世保市,249681,6545,5116,0,78.17%,3,13.42,3,36.5,3,183230,185775,1.39,4,408,0.16%,3,43.7,4,20,209
42204,長崎県,諫早市,136679,4159,3393,0,81.58%,3,13.81,4,38.5,3,110148,112243,1.9,4,210,0.15%,3,34.8,3,20,211
43100,熊本県,熊本市,733721,20740,13209,0,63.69%,2,12.98,2,40.1,4,698828,697323,-0.22,3,1496,0.20%,5,86.6,10,26,59
43202,熊本県,八代市,126667,4472,4396,0,98.30%,8,13.62,3,32.6,2,91853,91004,-0.92,2,225,0.18%,4,57.3,5,24,101
44201,大分県,大分市,478393,10057,6266,463,62.30%,1,13.86,4,38.3,3,351810,352054,0.07,3,861,0.18%,4,47.8,4,19,238
44202,大分県,別府市,116821,2411,2241,0,92.95%,6,14.42,4,28,1,85632,83277,-2.75,1,257,0.22%,5,72.8,6,23,132
45201,宮崎県,宮崎市,402632,11904,7669,28,64.42%,2,13.17,2,38.8,3,322609,319372,-1,2,770,0.19%,4,45.7,4,17,271
45202,宮崎県,都城市,164506,4989,2768,0,55.48%,1,15.73,6,32.5,2,114839,115170,0.29,3,333,0.20%,5,14.4,2,19,242
45203,宮崎県,延岡市,122166,3051,1650,0,54.08%,1,13.39,3,32.5,2,78405,80066,2.12,5,186,0.15%,3,28.9,3,17,267
46201,鹿児島県,鹿児島市,602465,12998,10409,252,80.08%,3,12.81,2,34.8,2,481644,477032,-0.96,2,1326,0.22%,5,53.7,5,19,237
46203,鹿児島県,鹿屋市,102875,3247,2022,0,62.27%,1,13.2,3,23.2,1,67722,68520,1.18,4,188,0.18%,4,6.7,1,14,284
46218,鹿児島県,霧島市,125469,3475,1531,0,44.06%,1,13.22,3,33.1,2,68401,66980,-2.08,1,239,0.19%,4,17.8,2,13,287
47201,沖縄県,那覇市,322011,9811,8406,200,85.68%,4,10.82,1,23,1,303749,302633,-0.37,2,821,0.25%,8,84.8,10,26,60
47208,沖縄県,浦添市,115340,4304,3427,236,79.62%,3,10.67,1,23,1,110812,111390,0.52,3,201,0.17%,4,66.2,6,18,248
47211,沖縄県,沖縄市,142634,4947,4027,440,81.40%,3,11.4,1,19.1,1,108120,109164,0.97,4,253,0.18%,4,42.6,4,17,265
47213,沖縄県,うるま市,124457,4056,3540,333,87.28%,4,11.25,1,15.9,1,90684,89923,-0.84,2,242,0.19%,4,27.5,3,15,280